epoch,time,train/box_loss,train/seg_loss,train/cls_loss,train/dfl_loss,train/sem_loss,metrics/precision(B),metrics/recall(B),metrics/mAP50(B),metrics/mAP50-95(B),metrics/precision(M),metrics/recall(M),metrics/mAP50(M),metrics/mAP50-95(M),val/box_loss,val/seg_loss,val/cls_loss,val/dfl_loss,val/sem_loss,lr/pg0,lr/pg1,lr/pg2
1,15.6223,4.90459,13.3941,4.71652,4.44576,0,0,0,0,0,0,0,0,0,5.71435,5.25551,4.30674,4.15889,0,0.0006,0.0006,0.0946
2,17.3961,4.97384,12.5314,4.68502,4.39081,0,0,0,0,0,0,0,0,0,5.71328,5.25966,4.3011,4.15821,0,0.00129743,0.00129743,0.0882974
3,19.2769,4.92723,9.30946,4.62476,4.29556,0,0,0,0,0,0,0,0,0,5.70951,5.26247,4.29105,4.15283,0,0.00199208,0.00199208,0.0819921
4,21.0599,4.89237,6.58627,4.62646,4.20552,0,0,0,0,0,0,0,0,0,5.69971,5.25954,4.26834,4.13909,0,0.00268396,0.00268396,0.075684
5,22.9179,4.92794,5.52041,4.62835,4.16679,0,0,0,0,0,0,0,0,0,5.66883,5.24184,4.11551,4.09843,0,0.00337307,0.00337307,0.0693731
6,24.5851,4.61479,5.04076,3.80143,4.12542,0,0,0,0,0,0,0,0,0,5.61297,5.22486,3.93729,4.02803,0,0.00405941,0.00405941,0.0630594
7,26.2928,4.00789,4.63393,3.2013,3.94843,0,0,0,0,0,0,0,0,0,5.56757,5.23942,3.93344,3.96754,0,0.00474298,0.00474298,0.056743
8,27.9967,3.45588,4.37001,2.68875,3.40272,0,0,0,0,0,0,0,0,0,5.5262,5.27471,3.96534,3.91399,0,0.00542377,0.00542377,0.0504238
9,29.6333,3.07303,4.01163,2.46238,2.88754,0,0,0,0,0,0,0,0,0,5.46277,5.31351,3.96594,3.85663,0,0.00610179,0.00610179,0.0441018
10,31.4152,2.8024,3.69127,2.14129,2.614,0,0,0,0,0,0,0,0,0,5.28054,5.34746,3.89753,3.73782,0,0.00677704,0.00677704,0.037777
11,33.2028,2.55929,3.5647,2.00288,2.35918,0,0,0,0,0,0,0,0,0,4.40429,5.28898,3.61643,3.42824,0,0.00744952,0.00744952,0.0314495
12,35.0314,2.42359,3.36679,1.93906,2.09294,0,0.18452,0.0847,0.06736,0.02966,0.18452,0.0847,0.0653,0.02997,3.13586,4.80927,2.57217,2.59147,0,0.00811923,0.00811923,0.0251192
13,36.8742,2.26658,3.38181,1.65578,1.92864,0,0.19304,0.16667,0.11927,0.04893,0.18038,0.15574,0.11542,0.05441,2.8125,4.47141,2.14677,2.2272,0,0.00878616,0.00878616,0.0187862
14,38.6474,2.15578,3.18858,1.55684,1.79399,0,0.33566,0.2623,0.25149,0.10983,0.32867,0.25683,0.24471,0.12186,1.92308,3.75982,2.05475,1.61673,0,0.00945032,0.00945032,0.0124503
15,40.3966,2.18058,3.02133,1.52536,1.73189,0,0.34979,0.2545,0.26491,0.10471,0.32388,0.24044,0.24848,0.10675,2.03428,3.45308,1.54083,1.54457,0,0.0097228,0.0097228,0.0097228
16,42.0794,2.07463,2.93293,1.57914,1.67285,0,0.38661,0.26776,0.28551,0.1257,0.40132,0.27596,0.29766,0.15358,1.94356,3.1878,1.39478,1.50382,0,0.009703,0.009703,0.009703
17,43.8715,1.88144,2.72022,1.45364,1.50657,0,0.86695,0.29388,0.30682,0.15107,0.87502,0.30336,0.32168,0.16314,1.73829,2.88347,1.91216,1.38951,0,0.0096832,0.0096832,0.0096832
18,45.5842,1.86417,2.68217,1.28605,1.48456,0,0.8848,0.28293,0.30223,0.14199,0.90875,0.30328,0.33462,0.1787,1.80274,2.83156,2.1613,1.42629,0,0.0096634,0.0096634,0.0096634
19,47.2813,1.8932,2.61063,1.27257,1.47281,0,0.87299,0.28887,0.31071,0.13814,0.8828,0.31148,0.34043,0.16824,1.96967,2.76066,1.85465,1.45723,0,0.0096436,0.0096436,0.0096436
20,48.9786,1.81163,2.46549,1.2444,1.42656,0,0.87148,0.31148,0.30693,0.15595,0.92714,0.32514,0.3573,0.18364,1.82122,2.85494,1.46432,1.42026,0,0.0096238,0.0096238,0.0096238
21,50.9038,1.75844,2.38189,1.22233,1.41046,0,0.89132,0.23613,0.27144,0.14238,0.82957,0.29781,0.31432,0.18535,1.86372,3.14316,1.98202,1.47426,0,0.009604,0.009604,0.009604
22,52.5886,1.74152,2.42201,1.15014,1.34883,0,0.88125,0.33334,0.34592,0.16623,0.9,0.34973,0.37641,0.19856,1.74145,2.95411,1.72597,1.37574,0,0.0095842,0.0095842,0.0095842
23,54.3373,1.71239,2.31007,1.15984,1.37695,0,0.44953,0.41263,0.3838,0.20216,0.61671,0.43807,0.43467,0.21159,1.58654,2.48828,1.33432,1.24088,0,0.0095644,0.0095644,0.0095644
24,56.0755,1.70147,2.34198,1.1068,1.32808,0,0.4866,0.41559,0.40331,0.20969,0.60213,0.42426,0.43195,0.21866,1.64981,2.30064,1.09658,1.24952,0,0.0095446,0.0095446,0.0095446
25,58.4156,1.61295,2.19223,1.08131,1.29252,0,0.42728,0.42664,0.4067,0.20856,0.46505,0.43792,0.41718,0.2029,1.65189,2.32281,1.29502,1.25725,0,0.0095248,0.0095248,0.0095248
26,60.1105,1.626,2.18272,1.03968,1.28468,0,0.5143,0.47249,0.40569,0.19261,0.49649,0.42531,0.38105,0.18924,1.58095,2.24831,1.02669,1.21884,0,0.009505,0.009505,0.009505
27,61.8032,1.60365,2.09481,1.04079,1.28149,0,0.51166,0.42972,0.40768,0.20427,0.4884,0.43324,0.38941,0.19226,1.64083,2.3218,1.04217,1.25553,0,0.0094852,0.0094852,0.0094852
28,63.5851,1.55528,2.09942,1.01471,1.26167,0,0.51294,0.4335,0.37884,0.18976,0.55782,0.47827,0.44323,0.24326,1.62243,2.05809,1.03504,1.21537,0,0.0094654,0.0094654,0.0094654
29,65.3176,1.53916,2.03096,0.98496,1.25641,0,0.56129,0.45095,0.40594,0.20509,0.53876,0.41949,0.39645,0.18728,1.5806,2.24068,1.05543,1.20174,0,0.0094456,0.0094456,0.0094456
30,67.1132,1.49612,2.02473,0.97476,1.2248,0,0.5471,0.42566,0.40708,0.20875,0.65508,0.46459,0.47972,0.23722,1.60353,2.27298,1.02758,1.22467,0,0.0094258,0.0094258,0.0094258
31,68.7745,1.51544,1.96118,0.95567,1.24105,0,0.46757,0.42004,0.37171,0.20694,0.56608,0.47246,0.44926,0.24511,1.49787,2.14234,0.96812,1.18069,0,0.009406,0.009406,0.009406
32,70.4462,1.46191,1.90297,0.94598,1.20199,0,0.55633,0.48257,0.43716,0.21923,0.50068,0.44513,0.39956,0.1891,1.54418,2.19252,1.00211,1.1778,0,0.0093862,0.0093862,0.0093862
33,72.0773,1.48793,1.91774,0.96631,1.22876,0,0.57163,0.47519,0.43872,0.2148,0.57709,0.47827,0.44551,0.20879,1.50765,2.15989,1.00419,1.17047,0,0.0093664,0.0093664,0.0093664
34,73.7445,1.47745,1.89268,0.94695,1.21892,0,0.54019,0.50083,0.46353,0.23756,0.50288,0.46926,0.41585,0.19795,1.48198,2.43051,0.92836,1.16258,0,0.0093466,0.0093466,0.0093466
35,75.4812,1.47465,1.87607,0.94153,1.22857,0,0.61981,0.46416,0.48293,0.25724,0.60992,0.45508,0.42839,0.22477,1.38817,1.90686,0.90407,1.11917,0,0.0093268,0.0093268,0.0093268
36,77.1678,1.43014,1.8362,0.9103,1.18632,0,0.64724,0.51421,0.50841,0.26525,0.63854,0.51656,0.52998,0.27293,1.38462,1.77038,0.89078,1.1082,0,0.009307,0.009307,0.009307
37,78.8553,1.42554,1.86066,0.90998,1.19599,0,0.56231,0.51333,0.46454,0.2465,0.59795,0.50804,0.47842,0.23657,1.43784,1.87699,0.95441,1.12197,0,0.0092872,0.0092872,0.0092872
38,80.6869,1.39086,1.79291,0.87368,1.17428,0,0.56481,0.52955,0.47724,0.26235,0.56207,0.5135,0.46996,0.23087,1.39514,1.669,0.91116,1.11454,0,0.0092674,0.0092674,0.0092674
39,82.3589,1.37565,1.79516,0.87599,1.16747,0,0.52817,0.49396,0.47869,0.26294,0.51723,0.49193,0.46452,0.24416,1.35168,1.64919,0.88728,1.09387,0,0.0092476,0.0092476,0.0092476
40,84.0497,1.37375,1.76885,0.86971,1.16373,0,0.59955,0.48478,0.44735,0.23115,0.54378,0.46839,0.42342,0.2028,1.47611,2.06806,1.03387,1.16217,0,0.0092278,0.0092278,0.0092278
41,85.7062,1.34862,1.78899,0.85861,1.15089,0,0.69125,0.5514,0.55381,0.27435,0.6214,0.49466,0.49408,0.2605,1.36961,1.63277,0.85984,1.11034,0,0.009208,0.009208,0.009208
42,87.404,1.35594,1.71079,0.84961,1.15961,0,0.6016,0.52303,0.49639,0.27226,0.57256,0.49844,0.48233,0.24618,1.35738,1.79816,0.86444,1.09528,0,0.0091882,0.0091882,0.0091882
43,89.1601,1.32384,1.7929,0.84496,1.14384,0,0.54186,0.50048,0.47387,0.25709,0.64018,0.49929,0.50247,0.24476,1.40292,2.05271,0.88932,1.11255,0,0.0091684,0.0091684,0.0091684
44,90.8631,1.3645,1.66673,0.86827,1.16377,0,0.60385,0.4892,0.49058,0.27212,0.55672,0.45949,0.43542,0.22689,1.31523,1.84455,0.89617,1.08988,0,0.0091486,0.0091486,0.0091486
45,92.5428,1.30338,1.66687,0.83165,1.14537,0,0.53195,0.50356,0.46081,0.26586,0.60555,0.52681,0.51471,0.26204,1.31211,1.56419,0.83028,1.09352,0,0.0091288,0.0091288,0.0091288
46,94.3938,1.33776,1.67332,0.85168,1.15708,0,0.67263,0.52795,0.53409,0.28375,0.66816,0.51287,0.5253,0.25662,1.36595,1.76695,0.94398,1.10375,0,0.009109,0.009109,0.009109
47,96.1281,1.29931,1.62193,0.83564,1.14262,0,0.60501,0.53911,0.51624,0.27051,0.65559,0.49333,0.50798,0.24427,1.37331,1.63481,0.90376,1.10347,0,0.0090892,0.0090892,0.0090892
48,97.8119,1.28996,1.6794,0.81857,1.11532,0,0.60313,0.53361,0.51421,0.28867,0.5186,0.47141,0.4474,0.23902,1.28478,1.63893,0.86033,1.07975,0,0.0090694,0.0090694,0.0090694
49,99.5774,1.35085,1.62757,0.82119,1.13337,0,0.53936,0.52824,0.49367,0.27701,0.50821,0.49536,0.47463,0.22242,1.33322,1.73715,0.89667,1.102,0,0.0090496,0.0090496,0.0090496
50,101.292,1.28349,1.64979,0.80675,1.1254,0,0.63737,0.52612,0.49639,0.28707,0.72705,0.5528,0.54277,0.27723,1.2677,1.54612,0.83772,1.08258,0,0.0090298,0.0090298,0.0090298
51,103.044,1.26839,1.59946,0.78713,1.12986,0,0.70925,0.561,0.54794,0.29839,0.64458,0.51927,0.50199,0.26555,1.25621,1.52169,0.81481,1.06924,0,0.00901,0.00901,0.00901
52,104.761,1.26629,1.58199,0.78462,1.09573,0,0.74672,0.54937,0.55239,0.29839,0.72826,0.53571,0.52763,0.28904,1.28161,1.47887,0.82687,1.06642,0,0.0089902,0.0089902,0.0089902
53,106.527,1.2416,1.57723,0.79507,1.10384,0,0.68787,0.52271,0.54817,0.31327,0.70976,0.51385,0.54649,0.26458,1.30721,1.58035,0.88288,1.07699,0,0.0089704,0.0089704,0.0089704
54,108.301,1.23855,1.5927,0.79158,1.11647,0,0.67134,0.55897,0.54472,0.30638,0.63924,0.5924,0.54828,0.29686,1.25024,1.42768,0.98315,1.04986,0,0.0089506,0.0089506,0.0089506
55,110.526,1.27202,1.60037,0.8032,1.1318,0,0.64656,0.5928,0.56279,0.30226,0.65012,0.59042,0.55629,0.30073,1.32648,1.41971,0.81925,1.0791,0,0.0089308,0.0089308,0.0089308
56,112.265,1.26491,1.56722,0.7993,1.12733,0,0.69179,0.60338,0.58655,0.31681,0.61635,0.57813,0.54527,0.28383,1.25218,1.41635,0.78172,1.04231,0,0.008911,0.008911,0.008911
57,113.942,1.21432,1.54084,0.78799,1.08162,0,0.59997,0.51722,0.50372,0.29278,0.59009,0.52612,0.50813,0.25841,1.29493,1.56333,0.82251,1.07798,0,0.0088912,0.0088912,0.0088912
58,115.584,1.21258,1.51197,0.77642,1.09615,0,0.74822,0.60338,0.6379,0.33545,0.65548,0.58892,0.5657,0.27579,1.21167,1.43195,0.77621,1.03591,0,0.0088714,0.0088714,0.0088714
59,117.258,1.24652,1.51954,0.77869,1.09128,0,0.68504,0.55629,0.55933,0.31012,0.69753,0.55518,0.53827,0.29937,1.24165,1.45439,0.8235,1.04465,0,0.0088516,0.0088516,0.0088516
60,118.951,1.2535,1.51088,0.78557,1.10832,0,0.76044,0.59007,0.59296,0.31423,0.7006,0.56586,0.5585,0.27269,1.26683,1.65819,0.81622,1.06778,0,0.0088318,0.0088318,0.0088318
61,120.694,1.20858,1.53008,0.75477,1.08465,0,0.58331,0.52716,0.46962,0.27138,0.53436,0.51007,0.45318,0.25008,1.24467,1.52416,0.99321,1.07159,0,0.008812,0.008812,0.008812
62,122.362,1.22124,1.52479,0.75629,1.08577,0,0.75652,0.54047,0.56782,0.31699,0.70153,0.50609,0.52268,0.23873,1.26982,1.56739,0.81452,1.06847,0,0.0087922,0.0087922,0.0087922
63,124.074,1.22128,1.452,0.75776,1.08399,0,0.72534,0.6189,0.60732,0.34142,0.68166,0.583,0.57585,0.29989,1.16153,1.38772,0.74909,1.02813,0,0.0087724,0.0087724,0.0087724
64,125.824,1.21005,1.49187,0.7448,1.08222,0,0.80912,0.55827,0.62437,0.33795,0.77208,0.52399,0.56732,0.29214,1.1987,1.42477,0.75856,1.03109,0,0.0087526,0.0087526,0.0087526
65,127.561,1.18958,1.47028,0.73399,1.06587,0,0.75728,0.60004,0.63248,0.34831,0.65862,0.59618,0.57635,0.28643,1.20668,1.3769,0.78351,1.03786,0,0.0087328,0.0087328,0.0087328
66,129.222,1.20744,1.45464,0.74163,1.10003,0,0.73143,0.63588,0.63191,0.35487,0.74087,0.60144,0.59622,0.31182,1.1591,1.37552,0.76326,1.02112,0,0.008713,0.008713,0.008713
67,130.944,1.18721,1.45261,0.74662,1.0876,0,0.74295,0.62902,0.62381,0.34659,0.68308,0.57523,0.57665,0.28927,1.19092,1.41865,0.76763,1.03819,0,0.0086932,0.0086932,0.0086932
68,132.718,1.17516,1.46195,0.72379,1.07013,0,0.72832,0.6328,0.61051,0.34255,0.66951,0.61518,0.57821,0.30756,1.15962,1.34211,0.74189,1.0298,0,0.0086734,0.0086734,0.0086734
69,134.564,1.14683,1.4481,0.71053,1.07047,0,0.73708,0.60686,0.62669,0.35178,0.66709,0.61069,0.60932,0.29747,1.21879,1.32017,0.74118,1.04971,0,0.0086536,0.0086536,0.0086536
70,136.486,1.15442,1.44221,0.70636,1.05303,0,0.75543,0.60244,0.62844,0.34843,0.7179,0.56786,0.58316,0.27903,1.24397,1.48906,0.75211,1.04926,0,0.0086338,0.0086338,0.0086338
71,138.147,1.14853,1.41182,0.71335,1.06456,0,0.73344,0.62867,0.64179,0.37014,0.69092,0.5617,0.57025,0.29825,1.16791,1.34398,0.72536,1.01999,0,0.008614,0.008614,0.008614
72,139.829,1.15479,1.37003,0.70185,1.06329,0,0.76804,0.56681,0.60938,0.35311,0.63779,0.60919,0.60491,0.31678,1.1168,1.37564,0.79189,0.9965,0,0.0085942,0.0085942,0.0085942
73,141.563,1.1384,1.42274,0.70723,1.05742,0,0.69383,0.65571,0.63846,0.35449,0.65286,0.62666,0.61278,0.30109,1.17544,1.35389,0.74869,1.02526,0,0.0085744,0.0085744,0.0085744
74,143.21,1.19267,1.46006,0.73625,1.0804,0,0.6536,0.62664,0.60624,0.3601,0.67476,0.55745,0.5499,0.28168,1.19491,1.37592,0.7645,1.02962,0,0.0085546,0.0085546,0.0085546
75,144.898,1.1602,1.45992,0.70024,1.04881,0,0.7203,0.6153,0.62036,0.3555,0.69638,0.58565,0.59375,0.28404,1.19886,1.43521,0.73307,1.03055,0,0.0085348,0.0085348,0.0085348
76,146.584,1.14766,1.42593,0.70125,1.05335,0,0.71531,0.64298,0.63128,0.37254,0.72188,0.64028,0.6461,0.31904,1.13274,1.31848,0.71494,1.01259,0,0.008515,0.008515,0.008515
77,148.378,1.14246,1.4076,0.70545,1.05782,0,0.77589,0.56535,0.60044,0.3376,0.78439,0.55664,0.58976,0.27963,1.20574,1.50682,0.80654,1.03521,0,0.0084952,0.0084952,0.0084952
78,150.128,1.18459,1.39199,0.72536,1.06727,0,0.7329,0.62518,0.60643,0.35894,0.70236,0.60308,0.57867,0.30504,1.1286,1.32311,0.72437,1.01216,0,0.0084754,0.0084754,0.0084754
79,152.009,1.11415,1.40868,0.68463,1.04009,0,0.76224,0.6151,0.62515,0.36744,0.69661,0.59931,0.58811,0.31755,1.1174,1.33199,0.70576,1.00823,0,0.0084556,0.0084556,0.0084556
80,153.744,1.14836,1.37661,0.70284,1.05725,0,0.768,0.6328,0.62852,0.36765,0.66725,0.62015,0.58242,0.30936,1.08255,1.34983,0.70482,0.9906,0,0.0084358,0.0084358,0.0084358
81,155.617,1.12615,1.38894,0.69332,1.04877,0,0.68943,0.65739,0.65832,0.38408,0.66238,0.64751,0.61204,0.30504,1.12262,1.3246,0.71759,1.00305,0,0.008416,0.008416,0.008416
82,157.27,1.11681,1.38648,0.68245,1.04677,0,0.78532,0.65227,0.65862,0.38742,0.67226,0.666,0.62954,0.30109,1.14456,1.33942,0.72855,1.0164,0,0.0083962,0.0083962,0.0083962
83,158.959,1.1224,1.39292,0.68845,1.04264,0,0.73471,0.66355,0.64754,0.39559,0.73616,0.62803,0.62818,0.32613,1.08811,1.29784,0.69794,0.99114,0,0.0083764,0.0083764,0.0083764
84,160.635,1.10809,1.36903,0.68556,1.03531,0,0.76441,0.6003,0.62607,0.3699,0.75245,0.5853,0.59778,0.29185,1.1592,1.31458,0.68502,1.00731,0,0.0083566,0.0083566,0.0083566
85,162.275,1.12998,1.39354,0.6794,1.05295,0,0.69918,0.65536,0.63757,0.38775,0.68557,0.61914,0.59036,0.31433,1.07078,1.27505,0.68889,0.9836,0,0.0083368,0.0083368,0.0083368
86,163.889,1.09566,1.32667,0.6843,1.0388,0,0.72519,0.62331,0.61146,0.37056,0.71238,0.60558,0.60322,0.30895,1.08886,1.27633,0.69292,0.99119,0,0.008317,0.008317,0.008317
87,165.575,1.09275,1.30348,0.67195,1.03727,0,0.74396,0.64751,0.61828,0.36004,0.73689,0.65885,0.65842,0.34127,1.11882,1.26689,0.71625,1.00889,0,0.0082972,0.0082972,0.0082972
88,167.61,1.08872,1.35082,0.66655,1.02559,0,0.74352,0.65809,0.65257,0.37393,0.71742,0.63728,0.62803,0.29849,1.09671,1.28914,0.68851,0.99834,0,0.0082774,0.0082774,0.0082774
89,169.34,1.06629,1.33767,0.65905,1.03828,0,0.80898,0.65688,0.68102,0.40113,0.74093,0.6046,0.63412,0.28777,1.05489,1.29912,0.69254,0.988,0,0.0082576,0.0082576,0.0082576
90,171.064,1.09492,1.31146,0.66874,1.04194,0,0.68169,0.64693,0.63026,0.39309,0.67986,0.60786,0.61231,0.30809,1.01349,1.21645,0.67722,0.96866,0,0.0082378,0.0082378,0.0082378
91,172.837,1.06118,1.31949,0.65011,1.0171,0,0.71242,0.681,0.64506,0.3927,0.67721,0.64036,0.61144,0.30773,1.07163,1.22028,0.70045,0.97682,0,0.008218,0.008218,0.008218
92,174.581,1.07239,1.29056,0.65658,1.0264,0,0.76726,0.63025,0.65869,0.39365,0.72683,0.58873,0.63765,0.33119,1.08157,1.20818,0.67133,0.98338,0,0.0081982,0.0081982,0.0081982
93,176.326,1.04974,1.28549,0.6509,1.01541,0,0.83741,0.62972,0.67282,0.39914,0.78121,0.60001,0.6341,0.30726,1.08665,1.28182,0.69091,0.99791,0,0.0081784,0.0081784,0.0081784
94,178.141,1.06846,1.29009,0.64923,1.03897,0,0.80316,0.64443,0.67802,0.40251,0.76533,0.61923,0.64685,0.34538,1.06351,1.25662,0.66319,0.98903,0,0.0081586,0.0081586,0.0081586
95,179.9,1.08421,1.34215,0.65809,1.03763,0,0.75804,0.62125,0.63949,0.37054,0.72046,0.61402,0.60273,0.32249,1.05828,1.28888,0.69293,0.98758,0,0.0081388,0.0081388,0.0081388
96,181.663,1.09075,1.29721,0.6568,1.02318,0,0.74594,0.58902,0.5953,0.34683,0.70455,0.58699,0.57474,0.29661,1.14722,1.26517,0.76511,1.00856,0,0.008119,0.008119,0.008119
97,183.311,1.08535,1.32947,0.659,1.01389,0,0.70407,0.61446,0.60102,0.36799,0.7052,0.56926,0.57582,0.31031,1.06155,1.19196,0.75539,0.97944,0,0.0080992,0.0080992,0.0080992
98,184.993,1.07202,1.30499,0.63662,1.0158,0,0.77865,0.61809,0.62672,0.3837,0.76521,0.63492,0.63969,0.33471,1.02612,1.25094,0.70515,0.96966,0,0.0080794,0.0080794,0.0080794
99,186.684,1.05237,1.28574,0.63984,1.00261,0,0.81573,0.62643,0.66104,0.38847,0.74156,0.56022,0.59161,0.3193,1.07486,1.2258,0.71996,0.9852,0,0.0080596,0.0080596,0.0080596
100,188.305,1.05298,1.28556,0.64633,1.02776,0,0.71096,0.6826,0.67178,0.41329,0.65418,0.6646,0.62155,0.32622,1.0355,1.13636,0.64614,0.97813,0,0.0080398,0.0080398,0.0080398
101,189.999,1.03463,1.32775,0.64045,1.02367,0,0.80193,0.62664,0.67999,0.40823,0.77198,0.58972,0.63655,0.33089,1.05515,1.15725,0.66785,0.98899,0,0.00802,0.00802,0.00802
102,191.66,1.04463,1.22541,0.64418,1.02162,0,0.76772,0.69475,0.6956,0.428,0.69685,0.66156,0.62435,0.32138,1.03713,1.15979,0.6283,0.97742,0,0.0080002,0.0080002,0.0080002
103,193.425,1.02364,1.25375,0.6212,1.01836,0,0.71908,0.68817,0.6645,0.39228,0.72299,0.63753,0.61342,0.31885,1.04775,1.19766,0.67798,0.97502,0,0.0079804,0.0079804,0.0079804
104,195.124,1.03111,1.27018,0.62831,0.99653,0,0.81698,0.64408,0.66519,0.38824,0.73331,0.6429,0.64099,0.349,1.0617,1.22009,0.66264,0.98303,0,0.0079606,0.0079606,0.0079606
105,196.834,1.0251,1.26689,0.62361,0.99515,0,0.76869,0.66285,0.69038,0.40488,0.70169,0.62074,0.61812,0.30185,1.04438,1.23976,0.67962,0.98002,0,0.0079408,0.0079408,0.0079408
106,198.545,1.02368,1.27083,0.62197,1.00753,0,0.82737,0.64015,0.69203,0.4108,0.80944,0.58838,0.62131,0.31339,1.06322,1.17635,0.67494,0.98582,0,0.007921,0.007921,0.007921
107,200.276,1.05371,1.25489,0.62653,1.01998,0,0.87542,0.6646,0.69818,0.41921,0.7513,0.67802,0.67456,0.32223,1.05222,1.1729,0.64948,0.99862,0,0.0079012,0.0079012,0.0079012
108,201.976,1.03303,1.25676,0.6177,1.00366,0,0.73846,0.68977,0.67823,0.41117,0.68709,0.6017,0.60998,0.29361,1.04263,1.17059,0.638,0.97078,0,0.0078814,0.0078814,0.0078814
109,203.719,1.03992,1.23898,0.63104,0.99783,0,0.73172,0.69294,0.67889,0.41489,0.66344,0.63147,0.5996,0.30993,1.04986,1.21208,0.69665,0.97256,0,0.0078616,0.0078616,0.0078616
110,205.496,1.01804,1.22292,0.61731,1.01015,0,0.81136,0.66022,0.6838,0.40243,0.68092,0.63763,0.59876,0.30881,1.03711,1.14028,0.71947,0.97038,0,0.0078418,0.0078418,0.0078418
111,207.232,1.02092,1.19818,0.62036,1.00108,0,0.76494,0.6264,0.62092,0.39551,0.70808,0.58184,0.58642,0.3081,0.996,1.17435,0.69589,0.9658,0,0.007822,0.007822,0.007822
112,208.98,1.02194,1.19771,0.62554,1.01634,0,0.7639,0.6335,0.63916,0.39235,0.73439,0.60274,0.60597,0.31201,0.99978,1.13736,0.69847,0.96386,0,0.0078022,0.0078022,0.0078022
113,210.695,1.03245,1.23887,0.63213,1.0267,0,0.76796,0.66536,0.6628,0.39769,0.74416,0.63315,0.63735,0.34476,1.03471,1.18042,0.68528,0.97411,0,0.0077824,0.0077824,0.0077824
114,212.43,1.02161,1.19578,0.61841,0.98432,0,0.74203,0.68954,0.68503,0.40546,0.70287,0.64548,0.6191,0.31962,1.02842,1.17169,0.65831,0.96962,0,0.0077626,0.0077626,0.0077626
115,214.08,0.99388,1.25103,0.61281,0.99248,0,0.7704,0.67245,0.68023,0.41875,0.73305,0.63658,0.64847,0.33063,1.03947,1.16397,0.64801,0.98335,0,0.0077428,0.0077428,0.0077428
116,215.739,1.01029,1.26126,0.6157,1.0154,0,0.7506,0.69297,0.67452,0.41141,0.73214,0.6742,0.64987,0.33593,1.03181,1.11057,0.63532,0.96634,0,0.007723,0.007723,0.007723
117,217.364,1.01399,1.23231,0.61609,0.99443,0,0.81993,0.7051,0.69835,0.43167,0.7597,0.65623,0.6369,0.3556,1.01126,1.09719,0.61283,0.96775,0,0.0077032,0.0077032,0.0077032
118,219.023,1.00772,1.19859,0.61222,1.00483,0,0.79507,0.65844,0.67338,0.41908,0.73387,0.59658,0.6294,0.32219,1.00104,1.1598,0.63711,0.96605,0,0.0076834,0.0076834,0.0076834
119,220.678,0.99708,1.16169,0.59981,1.00532,0,0.73279,0.69059,0.68163,0.42546,0.72606,0.66327,0.66382,0.34534,1.00821,1.15278,0.67615,0.97066,0,0.0076636,0.0076636,0.0076636
120,222.343,1.0278,1.26572,0.61011,1.00065,0,0.78375,0.67061,0.67208,0.41795,0.75122,0.63525,0.64851,0.32678,1.00489,1.17558,0.61451,0.96822,0,0.0076438,0.0076438,0.0076438
121,224.076,0.98971,1.17924,0.59737,1.01243,0,0.79837,0.71006,0.71275,0.42564,0.72078,0.66257,0.6563,0.34051,1.00824,1.19415,0.664,0.9666,0,0.007624,0.007624,0.007624
122,225.872,0.99936,1.19889,0.61093,1.01109,0,0.82309,0.71915,0.71218,0.43556,0.70954,0.62713,0.60727,0.30683,1.01629,1.13716,0.636,0.97432,0,0.0076042,0.0076042,0.0076042
123,227.509,1.00555,1.19079,0.6011,1.00915,0,0.77323,0.70212,0.69172,0.45051,0.72097,0.66222,0.64144,0.33279,0.9643,1.0951,0.62091,0.95952,0,0.0075844,0.0075844,0.0075844
124,229.146,0.99571,1.17253,0.60236,1.00419,0,0.81964,0.65809,0.69948,0.43747,0.77798,0.62069,0.65609,0.3354,0.99073,1.13918,0.62155,0.9671,0,0.0075646,0.0075646,0.0075646
125,230.858,0.99917,1.1974,0.59271,0.9977,0,0.77224,0.66047,0.68618,0.42879,0.74052,0.60786,0.62084,0.30058,0.99587,1.16423,0.63218,0.96943,0,0.0075448,0.0075448,0.0075448
126,232.621,0.97814,1.20611,0.58746,0.98391,0,0.77541,0.69501,0.69479,0.43399,0.75798,0.6735,0.68542,0.35275,0.97654,1.10471,0.62218,0.96272,0,0.007525,0.007525,0.007525
127,234.583,0.99541,1.19105,0.5925,0.97823,0,0.84197,0.68204,0.73101,0.45453,0.74508,0.61367,0.63146,0.32822,0.98833,1.11041,0.61692,0.96186,0,0.0075052,0.0075052,0.0075052
128,236.277,0.98475,1.18585,0.59723,0.9841,0,0.86529,0.65844,0.71583,0.45141,0.79284,0.59728,0.64392,0.33241,0.98313,1.11729,0.60173,0.95806,0,0.0074854,0.0074854,0.0074854
129,237.96,0.98323,1.17949,0.59491,0.99331,0,0.78525,0.68169,0.68548,0.41829,0.80397,0.64228,0.67407,0.35219,1.02727,1.16766,0.6119,0.96833,0,0.0074656,0.0074656,0.0074656
130,239.621,1.00671,1.1596,0.58726,0.98327,0,0.81861,0.70322,0.69979,0.44018,0.78838,0.65472,0.67934,0.33186,0.97124,1.13412,0.60168,0.94825,0,0.0074458,0.0074458,0.0074458
131,241.318,0.99389,1.2264,0.59883,0.98151,0,0.78056,0.70733,0.69717,0.43313,0.66641,0.62917,0.62913,0.30819,1.01125,1.13252,0.63842,0.9662,0,0.007426,0.007426,0.007426
132,243.069,0.98796,1.17353,0.58937,0.98336,0,0.77343,0.72786,0.6985,0.4295,0.7223,0.61745,0.61771,0.30227,1.00937,1.11115,0.6241,0.95758,0,0.0074062,0.0074062,0.0074062
133,244.839,0.99103,1.2018,0.58399,0.98236,0,0.79003,0.68129,0.67726,0.41898,0.7377,0.62118,0.61823,0.29328,0.99258,1.15118,0.63577,0.95961,0,0.0073864,0.0073864,0.0073864
134,246.739,0.98208,1.18352,0.59133,0.98799,0,0.78978,0.66117,0.68591,0.42992,0.74989,0.58037,0.60537,0.30519,0.95598,1.15496,0.61375,0.94027,0,0.0073666,0.0073666,0.0073666
135,248.392,0.94279,1.13792,0.56626,0.9704,0,0.8494,0.68023,0.7079,0.43251,0.77913,0.62525,0.6241,0.30901,0.97524,1.08059,0.61997,0.94788,0,0.0073468,0.0073468,0.0073468
136,250.225,0.99049,1.14922,0.58497,0.98021,0,0.83386,0.66838,0.68614,0.42037,0.7409,0.59763,0.62204,0.32636,0.95018,1.09408,0.6013,0.94447,0,0.007327,0.007327,0.007327
137,252.061,0.93497,1.11163,0.57816,0.98009,0,0.84485,0.67147,0.72859,0.4434,0.76949,0.61362,0.64684,0.32616,0.97904,1.13498,0.6241,0.95204,0,0.0073072,0.0073072,0.0073072
138,253.951,0.97329,1.22348,0.57559,0.97749,0,0.73271,0.69502,0.68257,0.43202,0.70225,0.6772,0.66149,0.32903,0.95489,1.07098,0.60824,0.94361,0,0.0072874,0.0072874,0.0072874
139,255.608,0.9541,1.16637,0.57997,0.98452,0,0.81789,0.69914,0.71386,0.43929,0.76233,0.65324,0.6526,0.36481,0.95713,1.03319,0.59785,0.95311,0,0.0072676,0.0072676,0.0072676
140,257.483,0.96439,1.18446,0.57808,0.96583,0,0.86148,0.69391,0.72715,0.43179,0.81239,0.64873,0.67116,0.36601,1.0049,1.05016,0.61734,0.97246,0,0.0072478,0.0072478,0.0072478
141,259.175,0.95798,1.15629,0.5622,0.96841,0,0.85983,0.68786,0.73311,0.44042,0.79424,0.62565,0.6367,0.34456,0.97179,1.07278,0.63252,0.96321,0,0.007228,0.007228,0.007228
142,260.843,0.95699,1.17311,0.57451,0.96816,0,0.81182,0.69732,0.71194,0.44731,0.75322,0.61657,0.62966,0.32239,0.94955,1.04905,0.60924,0.95314,0,0.0072082,0.0072082,0.0072082
143,262.458,0.95236,1.15618,0.57151,0.96453,0,0.83329,0.70867,0.72895,0.45266,0.73935,0.61691,0.63514,0.33746,0.9691,1.06049,0.63276,0.95803,0,0.0071884,0.0071884,0.0071884
144,264.151,0.94061,1.09959,0.57378,0.97478,0,0.81913,0.70669,0.72054,0.43555,0.72621,0.63746,0.64806,0.33391,1.00164,1.06207,0.65244,0.96374,0,0.0071686,0.0071686,0.0071686
145,265.864,0.94268,1.08264,0.56763,0.97717,0,0.791,0.70425,0.71104,0.44229,0.71385,0.62838,0.63533,0.31476,0.96643,1.07656,0.61287,0.94988,0,0.0071488,0.0071488,0.0071488
146,267.543,0.93173,1.13072,0.56608,0.9718,0,0.79744,0.71896,0.71221,0.44294,0.72797,0.65472,0.65841,0.31111,0.95086,1.07469,0.61015,0.95061,0,0.007129,0.007129,0.007129
147,269.196,0.94204,1.13078,0.56692,0.96424,0,0.81751,0.65854,0.67953,0.42854,0.69338,0.64889,0.65246,0.33672,0.93467,1.09367,0.61967,0.93939,0,0.0071092,0.0071092,0.0071092
148,270.856,0.93025,1.09544,0.56697,0.96446,0,0.85968,0.7046,0.71131,0.45422,0.80351,0.6543,0.68737,0.35304,0.96315,1.00982,0.59585,0.94758,0,0.0070894,0.0070894,0.0070894
149,272.58,0.92305,1.11888,0.55641,0.96703,0,0.87456,0.6576,0.69923,0.43288,0.76973,0.61949,0.64617,0.32518,1.00313,1.05411,0.62062,0.96967,0,0.0070696,0.0070696,0.0070696
150,274.241,0.95269,1.10241,0.57369,0.97065,0,0.84523,0.68716,0.72217,0.44189,0.75308,0.61402,0.65019,0.32351,0.9795,1.09363,0.63062,0.958,0,0.0070498,0.0070498,0.0070498
151,275.983,0.93144,1.15125,0.56806,0.9802,0,0.78569,0.70117,0.70332,0.44371,0.74186,0.66257,0.65868,0.33291,0.97596,1.09395,0.60916,0.95731,0,0.00703,0.00703,0.00703
152,277.719,0.94143,1.13117,0.55497,0.96206,0,0.79471,0.68681,0.70932,0.45092,0.73059,0.6335,0.6702,0.32212,0.94495,1.03848,0.59762,0.9481,0,0.0070102,0.0070102,0.0070102
153,279.715,0.94172,1.14456,0.56646,0.96105,0,0.83007,0.6957,0.71131,0.44556,0.75559,0.62803,0.64038,0.32976,0.9743,1.07115,0.62039,0.96541,0,0.0069904,0.0069904,0.0069904
154,281.46,0.91919,1.12203,0.55978,0.96695,0,0.83319,0.68755,0.70922,0.44605,0.7512,0.63623,0.65814,0.34049,0.94271,1.04226,0.58863,0.94882,0,0.0069706,0.0069706,0.0069706
155,283.241,0.92014,1.13728,0.55624,0.95872,0,0.82895,0.65563,0.68151,0.44093,0.76301,0.60364,0.63767,0.31677,0.96005,1.09387,0.58055,0.94911,0,0.0069508,0.0069508,0.0069508
156,284.979,0.92043,1.10466,0.54587,0.97001,0,0.8212,0.68717,0.70992,0.44897,0.72673,0.63658,0.66776,0.35103,0.9391,1.03202,0.57795,0.93886,0,0.006931,0.006931,0.006931
157,286.662,0.93558,1.10833,0.55271,0.97707,0,0.79003,0.70198,0.70594,0.45867,0.76196,0.63112,0.65405,0.3585,0.93581,0.98637,0.5779,0.94648,0,0.0069112,0.0069112,0.0069112
158,288.343,0.93084,1.08063,0.55315,0.97706,0,0.84909,0.68279,0.73208,0.47249,0.82256,0.64856,0.68106,0.34126,0.91212,1.01999,0.5632,0.94009,0,0.0068914,0.0068914,0.0068914
159,290.051,0.95013,1.11703,0.55118,0.9663,0,0.77261,0.71006,0.71027,0.46662,0.69336,0.64239,0.64872,0.31195,0.87644,0.96999,0.55522,0.93305,0,0.0068716,0.0068716,0.0068716
160,291.789,0.91561,1.06908,0.55056,0.96031,0,0.81719,0.70636,0.72317,0.4713,0.82723,0.6335,0.67936,0.34393,0.89821,0.97585,0.57984,0.93523,0,0.0068518,0.0068518,0.0068518
161,293.5,0.93751,1.11974,0.55125,0.96776,0,0.85663,0.69587,0.72761,0.47334,0.7367,0.65943,0.68235,0.36042,0.92622,0.98082,0.57136,0.94514,0,0.006832,0.006832,0.006832
162,295.335,0.90544,1.08707,0.54893,0.96932,0,0.86678,0.68676,0.70825,0.4644,0.77471,0.65756,0.6794,0.35138,0.92834,1.02413,0.59049,0.94179,0,0.0068122,0.0068122,0.0068122
163,297.108,0.91362,1.07811,0.5493,0.94748,0,0.79497,0.69059,0.69194,0.46378,0.73448,0.6455,0.66224,0.35066,0.90625,1.0571,0.59515,0.9394,0,0.0067924,0.0067924,0.0067924
164,298.783,0.89305,1.06248,0.54104,0.95052,0,0.79806,0.67618,0.69391,0.44235,0.75755,0.60856,0.62709,0.34592,0.92372,1.0354,0.64292,0.9325,0,0.0067726,0.0067726,0.0067726
165,300.463,0.92062,1.10033,0.53855,0.95885,0,0.82297,0.68682,0.73351,0.46033,0.76912,0.64239,0.69216,0.35865,0.95181,0.99917,0.59844,0.94576,0,0.0067528,0.0067528,0.0067528
166,302.139,0.89877,1.08712,0.53741,0.96125,0,0.84353,0.69653,0.7156,0.46085,0.74251,0.6152,0.64138,0.33892,0.89058,0.97983,0.58449,0.92877,0,0.006733,0.006733,0.006733
167,303.91,0.91116,1.08606,0.54205,0.94405,0,0.83446,0.66721,0.71041,0.44987,0.8546,0.57746,0.63138,0.33405,0.9271,1.02932,0.62374,0.93382,0,0.0067132,0.0067132,0.0067132
168,305.701,0.90504,1.12287,0.53776,0.96362,0,0.80486,0.70733,0.72693,0.47273,0.78728,0.64513,0.6653,0.3374,0.90594,1.02372,0.57112,0.92913,0,0.0066934,0.0066934,0.0066934
169,307.424,0.89411,1.12134,0.53335,0.95201,0,0.87353,0.69421,0.74486,0.46967,0.79298,0.62179,0.64215,0.32323,0.91679,1.00583,0.57174,0.93547,0,0.0066736,0.0066736,0.0066736
170,309.079,0.88779,1.04417,0.54215,0.96887,0,0.87138,0.72954,0.75409,0.48551,0.7935,0.66565,0.68139,0.34527,0.89513,1.00588,0.55529,0.92986,0,0.0066538,0.0066538,0.0066538
171,310.716,0.90758,1.08662,0.54488,0.95534,0,0.85358,0.72134,0.73056,0.46914,0.81032,0.64951,0.6789,0.33845,0.91314,0.99571,0.56731,0.93925,0,0.006634,0.006634,0.006634
172,312.375,0.91196,1.06008,0.54459,0.96201,0,0.84293,0.71963,0.72948,0.46768,0.75134,0.63878,0.65579,0.33156,0.91881,1.01242,0.57939,0.93605,0,0.0066142,0.0066142,0.0066142
173,314.06,0.89704,1.05469,0.52869,0.93648,0,0.80065,0.74803,0.73314,0.47792,0.71337,0.6667,0.67156,0.34287,0.9088,0.99531,0.57774,0.93858,0,0.0065944,0.0065944,0.0065944
174,315.76,0.88755,1.07179,0.52456,0.94624,0,0.84085,0.72845,0.73371,0.46519,0.74857,0.64447,0.65599,0.32885,0.92687,1.03538,0.58561,0.94123,0,0.0065746,0.0065746,0.0065746
175,317.458,0.89309,1.0628,0.53366,0.95512,0,0.88058,0.66808,0.71996,0.47328,0.76219,0.66732,0.66693,0.35483,0.89394,1.03348,0.58115,0.93898,0,0.0065548,0.0065548,0.0065548
176,319.155,0.89577,1.06811,0.53055,0.95163,0,0.83334,0.72204,0.73935,0.47808,0.74671,0.65325,0.67364,0.34561,0.88648,1.02513,0.56898,0.93486,0,0.006535,0.006535,0.006535
177,320.853,0.90302,1.07869,0.53753,0.95004,0,0.85229,0.73024,0.73849,0.47267,0.79372,0.66784,0.66678,0.34852,0.88771,1.03599,0.56063,0.93914,0,0.0065152,0.0065152,0.0065152
178,322.484,0.88048,1.05132,0.53184,0.95332,0,0.85931,0.72855,0.74428,0.48623,0.78982,0.65675,0.66787,0.34006,0.88665,1.01986,0.55856,0.93263,0,0.0064954,0.0064954,0.0064954
179,324.114,0.91408,1.08623,0.53692,0.93949,0,0.78758,0.71504,0.72527,0.47168,0.74291,0.6735,0.6832,0.36918,0.88686,1.00446,0.57174,0.92375,0,0.0064756,0.0064756,0.0064756
180,325.799,0.89885,1.07208,0.53468,0.95003,0,0.84989,0.71381,0.72902,0.48893,0.76161,0.64891,0.6581,0.33382,0.88443,0.99772,0.58553,0.9313,0,0.0064558,0.0064558,0.0064558
181,327.907,0.877,1.05987,0.52155,0.94984,0,0.81622,0.73332,0.74533,0.47402,0.73657,0.68036,0.65718,0.32302,0.90111,1.00101,0.58901,0.93659,0,0.006436,0.006436,0.006436
182,329.581,0.87512,1.03234,0.51982,0.94836,0,0.82381,0.70497,0.72566,0.47025,0.77632,0.65755,0.66963,0.34074,0.88897,0.97628,0.56438,0.92867,0,0.0064162,0.0064162,0.0064162
183,331.394,0.88304,1.07492,0.51938,0.9408,0,0.83308,0.65914,0.70198,0.45657,0.68063,0.62297,0.61815,0.34245,0.88263,1.01158,0.5857,0.93029,0,0.0063964,0.0063964,0.0063964
184,333.048,0.88347,1.07242,0.51957,0.94334,0,0.83372,0.7255,0.74228,0.48259,0.70503,0.65507,0.64533,0.33789,0.91538,1.0229,0.56926,0.93817,0,0.0063766,0.0063766,0.0063766
185,334.691,0.89218,1.047,0.52634,0.95843,0,0.89414,0.7135,0.74731,0.48459,0.7784,0.62362,0.63584,0.33617,0.8981,1.011,0.54183,0.93024,0,0.0063568,0.0063568,0.0063568
186,336.33,0.86645,1.01643,0.50706,0.93263,0,0.82795,0.72204,0.73931,0.49488,0.73487,0.65437,0.64766,0.32844,0.86025,0.97067,0.56065,0.92989,0,0.006337,0.006337,0.006337
187,338.03,0.87262,1.0395,0.52029,0.95028,0,0.86188,0.7295,0.74462,0.4885,0.78388,0.66,0.66928,0.34976,0.88125,1.00083,0.56237,0.92822,0,0.0063172,0.0063172,0.0063172
188,339.738,0.88907,1.0434,0.51879,0.94566,0,0.85624,0.73149,0.7405,0.47135,0.77286,0.66057,0.65187,0.33534,0.8916,0.99156,0.56126,0.93025,0,0.0062974,0.0062974,0.0062974
189,341.464,0.87957,1.0758,0.50962,0.94588,0,0.81834,0.74779,0.75367,0.48546,0.70111,0.65279,0.64057,0.34081,0.89154,0.96261,0.56661,0.93495,0,0.0062776,0.0062776,0.0062776
190,343.182,0.89333,1.08691,0.51809,0.94081,0,0.80845,0.74592,0.73078,0.47241,0.71065,0.67179,0.6443,0.34082,0.8793,1.00028,0.56808,0.92105,0,0.0062578,0.0062578,0.0062578
191,344.885,0.85068,1.00472,0.50293,0.9318,0,0.85233,0.73367,0.75014,0.48829,0.75649,0.68755,0.66719,0.33172,0.89714,0.99923,0.55805,0.93873,0,0.006238,0.006238,0.006238
192,346.559,0.8581,1.00946,0.50389,0.93467,0,0.83362,0.73906,0.73378,0.48228,0.74578,0.68204,0.66438,0.36186,0.90123,0.96148,0.56274,0.9422,0,0.0062182,0.0062182,0.0062182
193,348.238,0.88028,0.9826,0.51477,0.93877,0,0.83841,0.73948,0.73454,0.47825,0.76863,0.6749,0.6587,0.34148,0.85331,0.92922,0.5581,0.91859,0,0.0061984,0.0061984,0.0061984
194,349.865,0.85385,1.02836,0.50311,0.93589,0,0.85772,0.75146,0.74938,0.47067,0.78541,0.68934,0.66602,0.34874,0.88191,0.9839,0.57141,0.9298,0,0.0061786,0.0061786,0.0061786
195,351.579,0.87238,1.03442,0.50991,0.92846,0,0.82059,0.71315,0.70304,0.46607,0.75504,0.67372,0.66289,0.34663,0.88556,0.9498,0.55209,0.93162,0,0.0061588,0.0061588,0.0061588
196,353.359,0.87331,1.01018,0.50619,0.92541,0,0.84613,0.71931,0.73733,0.47795,0.79474,0.66849,0.67879,0.37157,0.8792,0.92676,0.53569,0.93284,0,0.006139,0.006139,0.006139
197,355.112,0.86705,1.04758,0.50599,0.92964,0,0.78837,0.72751,0.72943,0.47599,0.70204,0.68513,0.6847,0.34236,0.90071,0.92949,0.54336,0.94283,0,0.0061192,0.0061192,0.0061192
198,357.167,0.84945,1.00715,0.49766,0.93031,0,0.87069,0.74429,0.75048,0.48367,0.74876,0.69645,0.69086,0.3625,0.8738,0.94236,0.52865,0.93362,0,0.0060994,0.0060994,0.0060994
199,359.008,0.84603,1.00894,0.49223,0.92907,0,0.78541,0.74203,0.70831,0.46088,0.68446,0.65038,0.63327,0.33571,0.88765,0.92734,0.56176,0.93237,0,0.0060796,0.0060796,0.0060796
200,360.667,0.85968,0.98482,0.49942,0.94053,0,0.83897,0.73094,0.72795,0.4738,0.77291,0.67618,0.6721,0.3474,0.86677,0.9202,0.53035,0.9282,0,0.0060598,0.0060598,0.0060598
201,362.319,0.8511,1.01219,0.50974,0.93152,0,0.8746,0.71797,0.74105,0.48016,0.75708,0.67839,0.68764,0.36173,0.88331,0.96613,0.55066,0.92004,0,0.00604,0.00604,0.00604
202,364.035,0.85743,1.05795,0.50094,0.92105,0,0.83185,0.73948,0.73294,0.49142,0.75175,0.6771,0.67173,0.35032,0.86228,0.94337,0.54601,0.92198,0,0.0060202,0.0060202,0.0060202
203,365.897,0.81792,0.9944,0.49262,0.93035,0,0.83248,0.73746,0.73725,0.48587,0.82159,0.66257,0.68699,0.35112,0.88012,0.96291,0.54838,0.93619,0,0.0060004,0.0060004,0.0060004
204,367.681,0.84353,0.99521,0.49346,0.92858,0,0.86817,0.6971,0.72616,0.4717,0.80448,0.64652,0.66607,0.33401,0.85489,0.9396,0.5432,0.92457,0,0.0059806,0.0059806,0.0059806
205,369.375,0.8422,1.0369,0.49919,0.93132,0,0.84306,0.72239,0.71237,0.48459,0.78331,0.67455,0.67161,0.35867,0.85951,0.93311,0.55336,0.92636,0,0.0059608,0.0059608,0.0059608
206,371.148,0.82758,0.97883,0.49191,0.92452,0,0.8325,0.75524,0.74871,0.48989,0.67186,0.66954,0.6207,0.33339,0.86581,0.95473,0.54122,0.93256,0,0.005941,0.005941,0.005941
207,372.906,0.83563,1.01428,0.49863,0.93836,0,0.83659,0.75623,0.74119,0.47821,0.71232,0.65259,0.63815,0.33188,0.86807,0.94847,0.54746,0.92403,0,0.0059212,0.0059212,0.0059212
208,374.646,0.82706,0.99286,0.49567,0.92422,0,0.81374,0.70495,0.70206,0.4608,0.72572,0.60309,0.6189,0.32766,0.8858,0.97797,0.5636,0.93492,0,0.0059014,0.0059014,0.0059014
209,376.312,0.8356,1.01568,0.50166,0.92067,0,0.77147,0.72458,0.70899,0.46079,0.69125,0.67455,0.66167,0.34322,0.8708,0.95356,0.55349,0.9257,0,0.0058816,0.0058816,0.0058816
210,377.969,0.86517,1.00959,0.50255,0.94164,0,0.82401,0.70187,0.71359,0.47526,0.77099,0.63728,0.66088,0.36313,0.88116,0.94443,0.55661,0.93874,0,0.0058618,0.0058618,0.0058618
211,379.915,0.83476,1.01742,0.49652,0.92627,0,0.84284,0.72087,0.72517,0.47339,0.73284,0.66809,0.66608,0.35593,0.87712,0.96535,0.56287,0.93009,0,0.005842,0.005842,0.005842
212,381.641,0.85255,0.99465,0.50499,0.93242,0,0.8537,0.71552,0.72864,0.48544,0.78944,0.66271,0.67668,0.36537,0.86333,0.95282,0.53641,0.91445,0,0.0058222,0.0058222,0.0058222
213,383.446,0.85838,0.98961,0.49532,0.92012,0,0.84478,0.7275,0.74246,0.49185,0.79898,0.64606,0.66867,0.35849,0.87223,0.93231,0.54311,0.91982,0,0.0058024,0.0058024,0.0058024
214,385.359,0.8465,0.99467,0.49468,0.94089,0,0.86142,0.72362,0.72046,0.4793,0.79616,0.66604,0.67606,0.36169,0.87397,0.94647,0.55824,0.92196,0,0.0057826,0.0057826,0.0057826
215,387.094,0.83624,1.02065,0.49954,0.92498,0,0.8107,0.71838,0.72263,0.48674,0.73208,0.6742,0.66562,0.35909,0.86895,0.93014,0.56063,0.92197,0,0.0057628,0.0057628,0.0057628
216,388.737,0.841,1.00578,0.49027,0.93025,0,0.86245,0.71109,0.73216,0.49253,0.75828,0.6349,0.65945,0.35284,0.85611,0.92627,0.5444,0.91918,0,0.005743,0.005743,0.005743
217,390.739,0.80464,0.95495,0.47714,0.91745,0,0.88468,0.70908,0.75429,0.49053,0.83369,0.65531,0.68592,0.3506,0.87284,0.95188,0.5457,0.92221,0,0.0057232,0.0057232,0.0057232
218,392.443,0.85099,1.02402,0.48767,0.92028,0,0.86433,0.72703,0.74477,0.49011,0.77382,0.66075,0.65656,0.33656,0.88418,0.96073,0.55705,0.92852,0,0.0057034,0.0057034,0.0057034
219,394.159,0.8181,0.96799,0.48014,0.92298,0,0.8798,0.7288,0.74211,0.49412,0.77613,0.64036,0.6456,0.33717,0.8888,0.97622,0.5612,0.93408,0,0.0056836,0.0056836,0.0056836
220,395.824,0.82925,0.95637,0.4857,0.91986,0,0.84122,0.73441,0.73702,0.48846,0.75691,0.63026,0.6339,0.34284,0.8501,0.96635,0.56396,0.92179,0,0.0056638,0.0056638,0.0056638
221,397.486,0.80311,0.94804,0.48156,0.92697,0,0.88321,0.70495,0.75033,0.50041,0.76648,0.6253,0.66556,0.36214,0.85625,0.94873,0.55437,0.92432,0,0.005644,0.005644,0.005644
222,399.178,0.82101,0.96484,0.48856,0.9182,0,0.83069,0.71623,0.72025,0.49,0.74491,0.64183,0.65379,0.35016,0.84569,0.9381,0.54397,0.91957,0,0.0056242,0.0056242,0.0056242
223,400.873,0.83159,0.97746,0.49214,0.93137,0,0.83986,0.72129,0.72877,0.49396,0.71451,0.65578,0.62958,0.33089,0.86046,0.94908,0.54534,0.92467,0,0.0056044,0.0056044,0.0056044
224,402.603,0.8425,1.00246,0.48945,0.92797,0,0.82623,0.73367,0.74377,0.50059,0.70397,0.64001,0.64752,0.34066,0.86435,0.9413,0.55593,0.92838,0,0.0055846,0.0055846,0.0055846
225,404.385,0.82711,0.97233,0.48432,0.91691,0,0.8498,0.73913,0.74484,0.50538,0.72782,0.666,0.64609,0.34353,0.83193,0.94207,0.55336,0.91736,0,0.0055648,0.0055648,0.0055648
226,406.145,0.8155,0.98501,0.47652,0.91889,0,0.83938,0.74222,0.73721,0.50009,0.7306,0.67953,0.663,0.33562,0.81875,0.93154,0.53665,0.91389,0,0.005545,0.005545,0.005545
227,407.796,0.82732,0.98682,0.47873,0.92275,0,0.87009,0.73367,0.73348,0.49421,0.80597,0.68582,0.67743,0.36265,0.869,0.91428,0.5463,0.92843,0,0.0055252,0.0055252,0.0055252
228,409.662,0.81755,0.97741,0.48055,0.93599,0,0.84882,0.70549,0.73157,0.49402,0.72999,0.69745,0.6597,0.3471,0.83956,0.90119,0.53905,0.92232,0,0.0055054,0.0055054,0.0055054
229,411.38,0.83358,1.00423,0.48443,0.92579,0,0.83078,0.7457,0.73952,0.49833,0.7162,0.68642,0.63063,0.34454,0.87962,0.90113,0.55126,0.93064,0,0.0054856,0.0054856,0.0054856
230,413.109,0.83714,0.99606,0.48202,0.92296,0,0.82372,0.76477,0.73956,0.49211,0.72403,0.69402,0.66397,0.3465,0.84583,0.89876,0.5437,0.91379,0,0.0054658,0.0054658,0.0054658
231,414.83,0.82648,0.97469,0.47681,0.92312,0,0.84727,0.74838,0.74278,0.49927,0.72591,0.68654,0.6629,0.34478,0.85772,0.92501,0.56047,0.92297,0,0.005446,0.005446,0.005446
232,416.521,0.81993,0.94789,0.48366,0.9182,0,0.82525,0.73755,0.74588,0.48925,0.68934,0.67146,0.65426,0.33114,0.87751,0.92674,0.55366,0.92255,0,0.0054262,0.0054262,0.0054262
233,418.317,0.80974,0.97221,0.47511,0.91337,0,0.8222,0.75931,0.7381,0.50205,0.74741,0.69585,0.66609,0.35146,0.85082,0.88381,0.55078,0.91781,0,0.0054064,0.0054064,0.0054064
234,420.059,0.81696,0.95441,0.4793,0.91892,0,0.82423,0.75963,0.75112,0.49461,0.74712,0.69771,0.65008,0.33074,0.87194,0.94975,0.55792,0.9263,0,0.0053866,0.0053866,0.0053866
235,421.79,0.82481,0.96145,0.48082,0.92164,0,0.86222,0.73387,0.73443,0.48712,0.72953,0.67758,0.6354,0.32918,0.84842,0.92993,0.55812,0.91957,0,0.0053668,0.0053668,0.0053668
236,423.572,0.80184,0.96213,0.47599,0.92006,0,0.85,0.72239,0.7322,0.48087,0.75269,0.64274,0.62457,0.32516,0.85148,0.87745,0.54224,0.91308,0,0.005347,0.005347,0.005347
237,425.48,0.82954,0.9908,0.47608,0.92881,0,0.88302,0.69949,0.72292,0.48712,0.75577,0.64081,0.6296,0.32333,0.86322,0.89139,0.5411,0.91799,0,0.0053272,0.0053272,0.0053272
238,427.427,0.81894,0.96944,0.4729,0.92725,0,0.86147,0.71236,0.7364,0.49824,0.71808,0.65999,0.63906,0.33325,0.8457,0.91333,0.53275,0.91808,0,0.0053074,0.0053074,0.0053074
239,429.253,0.79108,0.94243,0.46186,0.90477,0,0.82524,0.75034,0.7465,0.48802,0.73529,0.68513,0.65987,0.33476,0.81987,0.88729,0.52623,0.92066,0,0.0052876,0.0052876,0.0052876
240,431.109,0.82154,0.92519,0.47623,0.9107,0,0.8457,0.75003,0.74628,0.50251,0.78022,0.67923,0.67316,0.35009,0.85404,0.91152,0.5273,0.92434,0,0.0052678,0.0052678,0.0052678
241,433.15,0.81942,0.96988,0.47779,0.90176,0,0.84555,0.74159,0.77131,0.51157,0.75693,0.71477,0.70742,0.36397,0.83485,0.92053,0.54219,0.92072,0,0.005248,0.005248,0.005248
242,435.088,0.79797,0.98245,0.4636,0.91402,0,0.85981,0.74145,0.74524,0.5076,0.75708,0.6898,0.6807,0.35324,0.82619,0.91088,0.5249,0.91626,0,0.0052282,0.0052282,0.0052282
243,436.976,0.82738,0.9473,0.46694,0.90357,0,0.83674,0.75931,0.74618,0.49843,0.78288,0.71181,0.70102,0.36293,0.82927,0.90327,0.53353,0.9121,0,0.0052084,0.0052084,0.0052084
244,439.004,0.81439,0.93679,0.47692,0.921,0,0.84277,0.749,0.73835,0.50112,0.77928,0.69983,0.67806,0.36113,0.81114,0.85167,0.53886,0.90602,0,0.0051886,0.0051886,0.0051886
245,440.936,0.80535,0.94456,0.47617,0.91098,0,0.83653,0.74773,0.73958,0.50015,0.75953,0.6954,0.67303,0.35008,0.83336,0.9089,0.53701,0.91912,0,0.0051688,0.0051688,0.0051688
246,442.95,0.79332,0.94086,0.46549,0.90981,0,0.85746,0.73984,0.75359,0.49919,0.7336,0.65005,0.64128,0.34175,0.83869,0.92102,0.53392,0.92564,0,0.005149,0.005149,0.005149
247,445.191,0.79999,0.93912,0.47259,0.92085,0,0.87763,0.7453,0.75405,0.50191,0.76528,0.66555,0.66665,0.32486,0.8756,0.9233,0.54717,0.92173,0,0.0051292,0.0051292,0.0051292
248,447.061,0.80832,0.95826,0.46405,0.90183,0,0.84823,0.73524,0.74952,0.50385,0.72492,0.65749,0.65835,0.33431,0.86078,0.91118,0.53076,0.92028,0,0.0051094,0.0051094,0.0051094
249,448.891,0.82292,0.98094,0.46812,0.90922,0,0.84993,0.72786,0.7373,0.49547,0.7447,0.63966,0.64344,0.33729,0.84336,0.91536,0.54925,0.91687,0,0.0050896,0.0050896,0.0050896
250,450.81,0.81793,0.96882,0.46868,0.91001,0,0.83309,0.71006,0.71877,0.49054,0.72,0.6877,0.65798,0.3485,0.84838,0.90581,0.56,0.91735,0,0.0050698,0.0050698,0.0050698
251,452.602,0.79956,0.95724,0.45863,0.91794,0,0.85984,0.71227,0.72682,0.49053,0.76863,0.63797,0.63114,0.32719,0.84545,0.88957,0.56469,0.91314,0,0.00505,0.00505,0.00505
252,454.41,0.80438,0.94784,0.46843,0.91929,0,0.85504,0.7207,0.74314,0.49585,0.72241,0.6742,0.64919,0.35181,0.84508,0.90331,0.54555,0.91215,0,0.0050302,0.0050302,0.0050302
253,456.193,0.8046,0.93262,0.46571,0.92022,0,0.86803,0.71831,0.74387,0.50147,0.73534,0.70117,0.68675,0.35634,0.83341,0.92991,0.52746,0.91245,0,0.0050104,0.0050104,0.0050104
254,458.061,0.80289,0.94771,0.47855,0.91227,0,0.85144,0.72239,0.74745,0.49777,0.73958,0.64995,0.65339,0.33301,0.86368,0.95045,0.54749,0.92269,0,0.0049906,0.0049906,0.0049906
255,460.094,0.79825,0.9604,0.46497,0.91113,0,0.84453,0.7356,0.7532,0.49678,0.72747,0.66336,0.66866,0.34632,0.86868,0.95001,0.54457,0.91532,0,0.0049708,0.0049708,0.0049708
256,461.99,0.80457,0.93309,0.46463,0.89714,0,0.89083,0.73979,0.76223,0.51616,0.72872,0.67754,0.66071,0.35533,0.81982,0.94057,0.53071,0.91007,0,0.004951,0.004951,0.004951
257,463.841,0.78612,0.9355,0.45782,0.90248,0,0.83283,0.74222,0.7554,0.52781,0.74008,0.66486,0.67718,0.35878,0.80475,0.90209,0.53204,0.90474,0,0.0049312,0.0049312,0.0049312
258,465.714,0.80425,0.97341,0.4576,0.90809,0,0.86404,0.72587,0.74421,0.50517,0.80016,0.67256,0.68927,0.34751,0.83082,0.90708,0.53237,0.9093,0,0.0049114,0.0049114,0.0049114
259,467.598,0.8062,0.94633,0.46426,0.90441,0,0.86571,0.72856,0.73084,0.49023,0.7682,0.64926,0.64709,0.34327,0.8263,0.89173,0.52616,0.91255,0,0.0048916,0.0048916,0.0048916
260,469.467,0.7961,0.89514,0.45505,0.91011,0,0.868,0.71931,0.7391,0.49362,0.80672,0.66396,0.65678,0.33683,0.85071,0.93054,0.53527,0.92644,0,0.0048718,0.0048718,0.0048718
261,471.277,0.79714,0.95781,0.45688,0.91037,0,0.8178,0.73094,0.73803,0.49867,0.71772,0.67499,0.65106,0.33722,0.83004,0.89112,0.54411,0.9143,0,0.004852,0.004852,0.004852
262,473.159,0.82118,0.93561,0.47005,0.89471,0,0.84552,0.74978,0.7496,0.50042,0.75361,0.67146,0.64996,0.33866,0.81088,0.90034,0.54404,0.90899,0,0.0048322,0.0048322,0.0048322
263,475.01,0.78229,0.92887,0.46402,0.91136,0,0.87534,0.73094,0.74844,0.49415,0.76669,0.64129,0.63548,0.33245,0.85527,0.95364,0.53745,0.91929,0,0.0048124,0.0048124,0.0048124
264,477.236,0.79026,0.93767,0.45635,0.90954,0,0.83121,0.71931,0.72663,0.4942,0.71244,0.63966,0.61056,0.31994,0.82949,0.95469,0.54858,0.90996,0,0.0047926,0.0047926,0.0047926
265,479.097,0.77655,0.93581,0.45446,0.90233,0,0.83518,0.74626,0.74572,0.49405,0.7219,0.65027,0.61761,0.31947,0.83158,0.93252,0.52759,0.91401,0,0.0047728,0.0047728,0.0047728
266,480.941,0.79278,0.94276,0.45848,0.90142,0,0.83644,0.7348,0.7284,0.49536,0.74769,0.67988,0.64719,0.33745,0.83013,0.88828,0.51918,0.91496,0,0.004753,0.004753,0.004753
267,482.757,0.78028,0.92461,0.45349,0.90649,0,0.85169,0.74587,0.7367,0.50222,0.75787,0.66928,0.63728,0.33619,0.83671,0.90682,0.51425,0.90971,0,0.0047332,0.0047332,0.0047332
268,484.619,0.79144,0.95722,0.46463,0.90351,0,0.82617,0.75894,0.74617,0.50619,0.73436,0.6763,0.6587,0.33495,0.82729,0.90386,0.52803,0.90434,0,0.0047134,0.0047134,0.0047134
269,486.534,0.79066,0.92737,0.46482,0.8985,0,0.8266,0.73367,0.76147,0.50934,0.70888,0.67237,0.66315,0.35967,0.82712,0.90594,0.51669,0.90676,0,0.0046936,0.0046936,0.0046936
270,488.421,0.7917,0.9272,0.44916,0.89302,0,0.82049,0.73913,0.7412,0.51026,0.73677,0.68513,0.66394,0.35044,0.80619,0.91604,0.5252,0.9071,0,0.0046738,0.0046738,0.0046738
271,490.263,0.78455,0.93135,0.45028,0.90532,0,0.84066,0.74667,0.75448,0.5068,0.75805,0.66741,0.67577,0.35451,0.83036,0.89682,0.54069,0.9271,0,0.004654,0.004654,0.004654
272,492.167,0.78608,0.93393,0.45515,0.9015,0,0.85423,0.73403,0.74842,0.50983,0.75003,0.66402,0.65937,0.3593,0.83816,0.93831,0.54659,0.92764,0,0.0046342,0.0046342,0.0046342
273,494.266,0.77938,0.90912,0.45484,0.90023,0,0.81487,0.74768,0.74247,0.5128,0.76907,0.69518,0.68782,0.37447,0.81702,0.90683,0.52694,0.91116,0,0.0046144,0.0046144,0.0046144
274,496.324,0.79071,0.97347,0.45816,0.89573,0,0.84682,0.73983,0.74748,0.50717,0.72012,0.65745,0.64915,0.33998,0.82498,0.92418,0.5575,0.9098,0,0.0045946,0.0045946,0.0045946
275,498.319,0.79202,0.90594,0.45683,0.8946,0,0.84373,0.74803,0.7469,0.51296,0.75402,0.68181,0.66725,0.35352,0.81777,0.90681,0.532,0.90901,0,0.0045748,0.0045748,0.0045748
276,500.2,0.78389,0.94312,0.45411,0.9075,0,0.81502,0.77332,0.75283,0.51124,0.71139,0.69113,0.66655,0.34848,0.80234,0.94505,0.51754,0.92225,0,0.004555,0.004555,0.004555
277,502.041,0.7683,0.9494,0.44703,0.8966,0,0.84779,0.7378,0.74709,0.5073,0.7268,0.68547,0.6727,0.34038,0.82258,0.93113,0.52251,0.92311,0,0.0045352,0.0045352,0.0045352
278,503.933,0.78224,0.90327,0.45016,0.89872,0,0.83523,0.74304,0.74588,0.49902,0.74884,0.66536,0.66506,0.33758,0.8183,0.92127,0.51932,0.91524,0,0.0045154,0.0045154,0.0045154
279,505.83,0.78242,0.9092,0.44546,0.89406,0,0.82041,0.74249,0.73059,0.48421,0.71453,0.66019,0.65589,0.33644,0.83128,0.9068,0.53433,0.91447,0,0.0044956,0.0044956,0.0044956
280,507.718,0.77497,0.86434,0.44894,0.90097,0,0.87116,0.72204,0.75473,0.50761,0.78129,0.65129,0.67666,0.35282,0.81515,0.86666,0.52084,0.9089,0,0.0044758,0.0044758,0.0044758
281,509.665,0.77304,0.87231,0.44514,0.89554,0,0.81343,0.74488,0.73854,0.51119,0.7202,0.68301,0.67687,0.36127,0.78065,0.8716,0.53791,0.90846,0,0.004456,0.004456,0.004456
282,511.466,0.76396,0.90736,0.43855,0.89126,0,0.85341,0.74977,0.75264,0.51876,0.7396,0.67146,0.67091,0.36014,0.80074,0.88991,0.5274,0.9138,0,0.0044362,0.0044362,0.0044362
283,513.274,0.76478,0.91945,0.44422,0.9042,0,0.85215,0.73403,0.74712,0.51718,0.75109,0.6636,0.66752,0.34752,0.79551,0.89595,0.54731,0.90913,0,0.0044164,0.0044164,0.0044164
284,515.078,0.7639,0.86494,0.44658,0.89906,0,0.85428,0.75419,0.76198,0.52316,0.72492,0.65683,0.65307,0.34634,0.8155,0.89144,0.52514,0.90892,0,0.0043966,0.0043966,0.0043966
285,516.965,0.77772,0.94357,0.44488,0.88709,0,0.85913,0.71513,0.75173,0.52219,0.72013,0.69094,0.67836,0.34607,0.82839,0.89637,0.53445,0.91309,0,0.0043768,0.0043768,0.0043768
286,518.825,0.77316,0.91425,0.44791,0.88853,0,0.84638,0.75658,0.74336,0.51594,0.75573,0.67358,0.67352,0.34602,0.80265,0.86557,0.52786,0.90601,0,0.004357,0.004357,0.004357
287,520.639,0.74929,0.90682,0.43894,0.8868,0,0.85663,0.74334,0.73953,0.51448,0.78087,0.67808,0.68111,0.36792,0.78262,0.86065,0.52276,0.90484,0,0.0043372,0.0043372,0.0043372
288,522.502,0.7588,0.88184,0.43283,0.89761,0,0.86413,0.74803,0.75601,0.51787,0.74588,0.68153,0.66523,0.35033,0.77997,0.85651,0.50251,0.90821,0,0.0043174,0.0043174,0.0043174
289,524.368,0.75828,0.89066,0.43955,0.89755,0,0.81847,0.73889,0.74976,0.5126,0.78209,0.67992,0.67863,0.35021,0.80889,0.86578,0.52036,0.91609,0,0.0042976,0.0042976,0.0042976
290,526.225,0.74274,0.8654,0.42954,0.89486,0,0.82129,0.74303,0.75258,0.50438,0.7578,0.62565,0.63771,0.33778,0.81137,0.90773,0.51596,0.91329,0,0.0042778,0.0042778,0.0042778
291,528.127,0.7571,0.89776,0.43252,0.89142,0,0.81012,0.72769,0.75356,0.51092,0.72145,0.67601,0.67444,0.35073,0.81695,0.91226,0.50594,0.91147,0,0.004258,0.004258,0.004258
292,530.154,0.75995,0.89083,0.43612,0.89127,0,0.84336,0.74372,0.75614,0.52781,0.74965,0.68071,0.67022,0.35041,0.82557,0.87584,0.51125,0.91677,0,0.0042382,0.0042382,0.0042382
293,532.082,0.7549,0.89573,0.43207,0.89329,0,0.84808,0.74257,0.74056,0.51482,0.7351,0.67202,0.64382,0.34588,0.80996,0.89285,0.52519,0.91364,0,0.0042184,0.0042184,0.0042184
294,533.913,0.76432,0.84743,0.44358,0.88959,0,0.82582,0.75543,0.75222,0.5187,0.74468,0.6778,0.66148,0.34767,0.79157,0.89699,0.50483,0.90985,0,0.0041986,0.0041986,0.0041986
295,535.834,0.77293,0.9107,0.43657,0.89492,0,0.8333,0.72204,0.74453,0.51174,0.74129,0.71526,0.69338,0.35941,0.8136,0.89446,0.51251,0.90738,0,0.0041788,0.0041788,0.0041788
296,537.786,0.7573,0.92131,0.4346,0.89293,0,0.854,0.72441,0.75076,0.52356,0.70652,0.68089,0.6579,0.33627,0.79639,0.90102,0.52292,0.90935,0,0.004159,0.004159,0.004159
297,539.865,0.75472,0.88356,0.43285,0.89646,0,0.84183,0.73948,0.75406,0.51516,0.72352,0.68001,0.66934,0.34359,0.82431,0.9039,0.53826,0.917,0,0.0041392,0.0041392,0.0041392
298,541.675,0.7462,0.89396,0.43515,0.89174,0,0.83881,0.73948,0.75127,0.52362,0.71728,0.67522,0.68133,0.35171,0.81599,0.90858,0.53521,0.91381,0,0.0041194,0.0041194,0.0041194
299,543.488,0.75762,0.88994,0.43612,0.88488,0,0.83384,0.73102,0.72749,0.51687,0.76684,0.67216,0.68092,0.35627,0.8098,0.89775,0.52863,0.91371,0,0.0040996,0.0040996,0.0040996
300,545.314,0.75918,0.89082,0.43305,0.89988,0,0.82167,0.74062,0.74081,0.51241,0.73374,0.69164,0.66702,0.35006,0.82082,0.87953,0.53604,0.91295,0,0.0040798,0.0040798,0.0040798
301,547.205,0.74169,0.83847,0.42712,0.89076,0,0.85304,0.6964,0.73949,0.51609,0.81442,0.62292,0.67951,0.35649,0.80245,0.88922,0.52839,0.90343,0,0.00406,0.00406,0.00406
302,549.192,0.7604,0.8773,0.43091,0.8868,0,0.84234,0.71658,0.72829,0.51226,0.81021,0.63728,0.69562,0.34577,0.79215,0.89961,0.54138,0.89879,0,0.0040402,0.0040402,0.0040402
303,551.108,0.75931,0.8442,0.43051,0.89022,0,0.84917,0.74257,0.73778,0.50371,0.74847,0.66343,0.66913,0.3433,0.81986,0.94042,0.53072,0.90683,0,0.0040204,0.0040204,0.0040204
304,552.954,0.75547,0.86883,0.43505,0.88079,0,0.86727,0.73481,0.73788,0.51498,0.77159,0.666,0.68875,0.35306,0.83073,0.91207,0.55478,0.91126,0,0.0040006,0.0040006,0.0040006
305,554.825,0.74739,0.86341,0.42793,0.8855,0,0.82654,0.72821,0.73782,0.52149,0.75226,0.64583,0.66655,0.34967,0.81189,0.88301,0.55167,0.90781,0,0.0039808,0.0039808,0.0039808
306,556.726,0.7434,0.85888,0.42955,0.88986,0,0.8537,0.7488,0.7452,0.51457,0.75941,0.67711,0.66936,0.35292,0.78789,0.91181,0.51703,0.90568,0,0.003961,0.003961,0.003961
307,558.659,0.7526,0.90171,0.42838,0.89389,0,0.86107,0.74059,0.75019,0.51239,0.78339,0.66443,0.66251,0.36067,0.78977,0.8865,0.52714,0.90757,0,0.0039412,0.0039412,0.0039412
308,560.891,0.76121,0.89491,0.43006,0.88983,0,0.86544,0.76403,0.77305,0.52247,0.77827,0.71214,0.69894,0.35887,0.7932,0.90354,0.51433,0.90901,0,0.0039214,0.0039214,0.0039214
309,562.719,0.75596,0.89045,0.43464,0.87824,0,0.86012,0.75623,0.74546,0.52546,0.73859,0.65675,0.65151,0.35408,0.80408,0.92184,0.51879,0.91195,0,0.0039016,0.0039016,0.0039016
310,564.664,0.75129,0.90457,0.43578,0.88953,0,0.85676,0.75861,0.75563,0.52436,0.73224,0.66187,0.66476,0.35784,0.7867,0.92105,0.52449,0.90263,0,0.0038818,0.0038818,0.0038818
311,566.455,0.74315,0.83806,0.42774,0.89258,0,0.85641,0.73059,0.74571,0.52313,0.7399,0.65769,0.66346,0.35637,0.80023,0.9107,0.52521,0.90037,0,0.003862,0.003862,0.003862
312,568.273,0.75001,0.87902,0.4273,0.89093,0,0.8441,0.733,0.74752,0.52236,0.74513,0.67146,0.67334,0.36241,0.78785,0.91862,0.51308,0.90158,0,0.0038422,0.0038422,0.0038422
313,570.221,0.72291,0.86824,0.41879,0.88314,0,0.85486,0.74543,0.74732,0.52848,0.73949,0.66908,0.6545,0.36298,0.77772,0.89664,0.51134,0.89655,0,0.0038224,0.0038224,0.0038224
314,572.239,0.74161,0.8808,0.42282,0.89029,0,0.84662,0.74257,0.75138,0.53328,0.75155,0.68972,0.68099,0.37581,0.79261,0.9259,0.51007,0.90656,0,0.0038026,0.0038026,0.0038026
315,574.367,0.75118,0.88762,0.42205,0.88821,0,0.84684,0.72957,0.75731,0.52652,0.72968,0.65437,0.65147,0.35482,0.80984,0.91733,0.5342,0.91191,0,0.0037828,0.0037828,0.0037828
316,576.341,0.74518,0.84479,0.42858,0.88831,0,0.86974,0.71385,0.7584,0.52567,0.76613,0.62894,0.65347,0.35675,0.76769,0.87794,0.52175,0.89379,0,0.003763,0.003763,0.003763
317,578.118,0.73297,0.88262,0.42577,0.88145,0,0.83663,0.75924,0.76058,0.52712,0.7617,0.69197,0.6737,0.36149,0.77764,0.89223,0.52049,0.89861,0,0.0037432,0.0037432,0.0037432
318,579.908,0.72389,0.86542,0.41911,0.87819,0,0.85075,0.73129,0.75042,0.52618,0.79144,0.66771,0.67616,0.36342,0.79122,0.88756,0.52209,0.90897,0,0.0037234,0.0037234,0.0037234
319,581.779,0.73783,0.90097,0.42758,0.88238,0,0.87253,0.73898,0.75603,0.51878,0.77403,0.65801,0.6492,0.35071,0.78526,0.887,0.52148,0.90549,0,0.0037036,0.0037036,0.0037036
320,583.657,0.75163,0.87544,0.42423,0.88753,0,0.85264,0.74419,0.74321,0.52043,0.78902,0.64818,0.64193,0.35544,0.77296,0.92916,0.52322,0.89951,0,0.0036838,0.0036838,0.0036838
321,585.525,0.74101,0.84637,0.43069,0.88946,0,0.88167,0.75146,0.75537,0.52722,0.77561,0.66362,0.66783,0.36539,0.78318,0.87789,0.50729,0.89843,0,0.003664,0.003664,0.003664
322,587.615,0.71606,0.84575,0.41912,0.87596,0,0.86851,0.74873,0.75576,0.52347,0.75581,0.65745,0.65186,0.35984,0.78872,0.87872,0.51527,0.90208,0,0.0036442,0.0036442,0.0036442
323,589.599,0.74105,0.83363,0.42545,0.89514,0,0.85111,0.73315,0.73686,0.52608,0.74692,0.68274,0.66692,0.34899,0.7874,0.88763,0.52085,0.89963,0,0.0036244,0.0036244,0.0036244
324,591.738,0.7362,0.88426,0.42329,0.88459,0,0.83074,0.76239,0.76463,0.53965,0.72326,0.68805,0.66086,0.363,0.78948,0.88094,0.51129,0.89591,0,0.0036046,0.0036046,0.0036046
325,593.638,0.72947,0.84293,0.42086,0.87779,0,0.83613,0.75658,0.76744,0.54422,0.71879,0.68421,0.66836,0.35207,0.77767,0.89982,0.50242,0.89883,0,0.0035848,0.0035848,0.0035848
326,595.45,0.73714,0.80709,0.42104,0.88151,0,0.84156,0.75192,0.75813,0.52902,0.70398,0.65182,0.62798,0.3412,0.79035,0.90185,0.51331,0.90581,0,0.003565,0.003565,0.003565
327,597.3,0.73394,0.87839,0.41609,0.87989,0,0.86555,0.75111,0.75614,0.52892,0.76299,0.66908,0.66796,0.35404,0.79567,0.92171,0.51368,0.90722,0,0.0035452,0.0035452,0.0035452
328,599.174,0.73876,0.85484,0.41623,0.87618,0,0.83356,0.75384,0.75652,0.52924,0.7199,0.69164,0.66097,0.33683,0.80167,0.90239,0.50391,0.91121,0,0.0035254,0.0035254,0.0035254
329,601.028,0.74476,0.84975,0.42486,0.88299,0,0.81378,0.76286,0.74575,0.52753,0.7122,0.67229,0.63195,0.33716,0.78185,0.90071,0.50658,0.90473,0,0.0035056,0.0035056,0.0035056
330,602.93,0.70871,0.83238,0.405,0.88411,0,0.81524,0.7364,0.72492,0.51234,0.71146,0.66838,0.63557,0.33896,0.76955,0.91802,0.51471,0.90391,0,0.0034858,0.0034858,0.0034858
331,604.739,0.73091,0.85721,0.40589,0.87818,0,0.8168,0.75111,0.74005,0.50526,0.73583,0.68309,0.66244,0.34809,0.78788,0.91255,0.51203,0.90203,0,0.003466,0.003466,0.003466
332,606.58,0.71232,0.81502,0.41099,0.87774,0,0.86407,0.74133,0.74503,0.51769,0.75325,0.66908,0.65391,0.34902,0.77066,0.87433,0.51798,0.89204,0,0.0034462,0.0034462,0.0034462
333,608.454,0.73045,0.83501,0.42222,0.8834,0,0.8378,0.75428,0.73736,0.51791,0.73441,0.68856,0.65081,0.34362,0.77709,0.89189,0.50809,0.89696,0,0.0034264,0.0034264,0.0034264
334,610.323,0.71197,0.83082,0.4122,0.8907,0,0.84496,0.70803,0.72816,0.51663,0.73955,0.67628,0.66231,0.34456,0.77951,0.90076,0.51904,0.90051,0,0.0034066,0.0034066,0.0034066
335,612.233,0.7256,0.88026,0.41941,0.88654,0,0.82268,0.72856,0.72736,0.50945,0.73182,0.65922,0.64538,0.34607,0.78008,0.8945,0.51957,0.90833,0,0.0033868,0.0033868,0.0033868
336,614.141,0.72727,0.84558,0.41762,0.88796,0,0.83761,0.71076,0.73219,0.51596,0.73644,0.65032,0.65491,0.35031,0.77812,0.86588,0.52037,0.90538,0,0.003367,0.003367,0.003367
337,615.984,0.73299,0.85635,0.41407,0.87111,0,0.82018,0.75349,0.74919,0.524,0.73184,0.67063,0.66755,0.33883,0.78781,0.85749,0.52006,0.90829,0,0.0033472,0.0033472,0.0033472
338,618.069,0.73349,0.82373,0.41389,0.88044,0,0.81352,0.77059,0.75486,0.53162,0.72528,0.69094,0.66859,0.35311,0.76905,0.85879,0.50722,0.91104,0,0.0033274,0.0033274,0.0033274
339,619.903,0.70974,0.81978,0.41365,0.87787,0,0.83972,0.76159,0.76165,0.52805,0.74768,0.68547,0.66605,0.34778,0.77429,0.88403,0.51433,0.90652,0,0.0033076,0.0033076,0.0033076
340,621.777,0.71332,0.87444,0.41053,0.8744,0,0.85414,0.76403,0.76708,0.53192,0.76379,0.69215,0.66425,0.35702,0.75779,0.85946,0.50077,0.89928,0,0.0032878,0.0032878,0.0032878
341,623.809,0.72111,0.85113,0.4129,0.87396,0,0.82114,0.76803,0.7542,0.52898,0.7568,0.71988,0.6902,0.34412,0.77136,0.88413,0.49087,0.90384,0,0.003268,0.003268,0.003268
342,625.725,0.71115,0.82337,0.414,0.87883,0,0.81595,0.77282,0.76435,0.53911,0.71804,0.70233,0.67322,0.33952,0.78091,0.91215,0.48927,0.90576,0,0.0032482,0.0032482,0.0032482
343,627.628,0.72301,0.8365,0.41174,0.88162,0,0.85048,0.74292,0.74108,0.52571,0.7642,0.68036,0.66509,0.34512,0.76502,0.88919,0.49789,0.9011,0,0.0032284,0.0032284,0.0032284
344,629.515,0.73173,0.8566,0.41753,0.87773,0,0.85993,0.74222,0.74902,0.52991,0.74862,0.65129,0.65223,0.33911,0.77485,0.88381,0.49952,0.89798,0,0.0032086,0.0032086,0.0032086
345,631.476,0.71872,0.84049,0.41156,0.87286,0,0.88701,0.75615,0.76028,0.52722,0.74384,0.65231,0.64342,0.33577,0.77217,0.85978,0.49822,0.89662,0,0.0031888,0.0031888,0.0031888
346,633.356,0.72413,0.84537,0.41291,0.8844,0,0.87942,0.74803,0.7616,0.52312,0.73987,0.67755,0.64767,0.33942,0.77351,0.93865,0.49317,0.89568,0,0.003169,0.003169,0.003169
347,635.174,0.70845,0.83135,0.40531,0.87108,0,0.86034,0.76258,0.76236,0.52652,0.77337,0.67587,0.66927,0.33772,0.78265,0.89461,0.49576,0.89818,0,0.0031492,0.0031492,0.0031492
348,637.009,0.72052,0.80365,0.40828,0.87625,0,0.84291,0.77402,0.76203,0.53726,0.77676,0.66292,0.66346,0.33843,0.78512,0.91379,0.48598,0.9024,0,0.0031294,0.0031294,0.0031294
349,638.886,0.72822,0.84401,0.41117,0.8689,0,0.85865,0.76803,0.76214,0.53321,0.74406,0.66275,0.65812,0.34692,0.78489,0.93496,0.49177,0.91,0,0.0031096,0.0031096,0.0031096
350,640.725,0.72187,0.85346,0.41136,0.88123,0,0.86375,0.7453,0.75557,0.53014,0.74914,0.65129,0.65629,0.34507,0.78174,0.96872,0.49974,0.90662,0,0.0030898,0.0030898,0.0030898
351,642.562,0.72342,0.86197,0.41303,0.86334,0,0.85293,0.74234,0.75473,0.53186,0.76082,0.65437,0.65988,0.33967,0.77878,0.95709,0.50883,0.90109,0,0.00307,0.00307,0.00307
352,644.411,0.72244,0.86442,0.40708,0.87158,0,0.86707,0.75377,0.76242,0.533,0.77337,0.65867,0.65719,0.34486,0.7665,0.93273,0.50334,0.90027,0,0.0030502,0.0030502,0.0030502
353,646.286,0.70287,0.80435,0.39747,0.86336,0,0.86055,0.75384,0.76844,0.53584,0.7536,0.67763,0.66243,0.342,0.76785,0.93243,0.51481,0.90375,0,0.0030304,0.0030304,0.0030304
354,648.143,0.7142,0.83919,0.40087,0.87339,0,0.85881,0.75144,0.76401,0.53827,0.77425,0.67478,0.66536,0.34043,0.75764,0.9193,0.4992,0.89576,0,0.0030106,0.0030106,0.0030106
355,650.011,0.71499,0.83301,0.41247,0.87484,0,0.89614,0.72001,0.75997,0.52562,0.76933,0.63928,0.6639,0.3338,0.77019,0.88351,0.49517,0.89869,0,0.0029908,0.0029908,0.0029908
356,651.811,0.70518,0.82541,0.40433,0.87829,0,0.83775,0.75714,0.76888,0.53078,0.72753,0.6571,0.64231,0.3263,0.77624,0.88296,0.50489,0.89806,0,0.002971,0.002971,0.002971
357,653.593,0.7023,0.84216,0.4068,0.87817,0,0.85608,0.75614,0.76513,0.54031,0.74427,0.67966,0.66883,0.33876,0.7757,0.89576,0.48735,0.90197,0,0.0029512,0.0029512,0.0029512
358,655.397,0.70602,0.79356,0.40727,0.88347,0,0.83919,0.76547,0.77027,0.54316,0.7321,0.67792,0.66247,0.34577,0.76954,0.86831,0.49187,0.90106,0,0.0029314,0.0029314,0.0029314
359,657.239,0.71455,0.87727,0.40771,0.88148,0,0.87859,0.73243,0.74724,0.52979,0.76058,0.6742,0.66341,0.34495,0.78513,0.89047,0.50692,0.90426,0,0.0029116,0.0029116,0.0029116
360,659.178,0.7056,0.84238,0.40418,0.87941,0,0.85113,0.76543,0.76998,0.53053,0.73855,0.6971,0.66297,0.33617,0.7827,0.87991,0.49917,0.90495,0,0.0028918,0.0028918,0.0028918
361,661.102,0.7072,0.83285,0.40109,0.87372,0,0.87296,0.73313,0.75945,0.52941,0.71068,0.69094,0.65557,0.34395,0.78204,0.87956,0.50156,0.90644,0,0.002872,0.002872,0.002872
362,663.006,0.71009,0.82173,0.40741,0.87289,0,0.79941,0.75072,0.75118,0.52212,0.70817,0.68314,0.65572,0.34174,0.78051,0.87285,0.50512,0.90218,0,0.0028522,0.0028522,0.0028522
363,665.007,0.69064,0.81674,0.40226,0.87432,0,0.86117,0.73675,0.76556,0.52525,0.77948,0.67146,0.67115,0.34771,0.79268,0.87971,0.49402,0.90476,0,0.0028324,0.0028324,0.0028324
364,666.836,0.7174,0.82214,0.41107,0.87311,0,0.85693,0.7466,0.77176,0.53972,0.77152,0.6742,0.67344,0.34525,0.77983,0.86893,0.48215,0.89826,0,0.0028126,0.0028126,0.0028126
